INSERT INTO SCHOOL(SCHOOL_ID,SCHOOL_NAME,SCHOOL_CITY)VALUES(1001,'SANIK SCHOOL', 'BBSR');

INSERT INTO SCHOOL(SCHOOL_ID,SCHOOL_NAME,SCHOOL_CITY)VALUES(1002,'STEWART SCHOOL', 'BBSR');

INSERT INTO SCHOOL(SCHOOL_ID,SCHOOL_NAME,SCHOOL_CITY)VALUES(1003,'CONVERT SCHOOL','CTC');

INSERT INTO SCHOOL(SCHOOL_ID,SCHOOL_NAME,SCHOOL_CITY)VALUES(1004,'DAV ', 'CTC');


INSERT INTO PASSPORT(PASSPORT_ID,PASSPORT_NUMBER,PASSPORT_CITY)VALUES(3001,'RANGA', 'Bangalore');

INSERT INTO PASSPORT(PASSPORT_ID,PASSPORT_NUMBER,PASSPORT_CITY)VALUES(3002,'RAJ9908897', 'Bhubaneswar');

INSERT INTO PASSPORT(PASSPORT_ID,PASSPORT_NUMBER,PASSPORT_CITY)VALUES(3003,'AMIT2345345', 'Bhubaneswar');

INSERT INTO PASSPORT(PASSPORT_ID,PASSPORT_NUMBER,PASSPORT_CITY)VALUES(3004,'ABHIJEET2345345', 'Bhubaneswar');



INSERT INTO STUDENT(STUDENT_ID,SCHOOL_ID,PASSPORT_ID,STUDENT_NAME,STUDENT_GENDER)VALUES(2001,1001,3001,'RANGA', 'MALE');

INSERT INTO STUDENT(STUDENT_ID,SCHOOL_ID,PASSPORT_ID,STUDENT_NAME,STUDENT_GENDER)VALUES(2002,1001,3002,'RAJ', 'MALE');

INSERT INTO STUDENT(STUDENT_ID,SCHOOL_ID,PASSPORT_ID,STUDENT_NAME,STUDENT_GENDER)VALUES(2003,1001,null,'PPP', 'FEMALE');

INSERT INTO STUDENT(STUDENT_ID,SCHOOL_ID,PASSPORT_ID,STUDENT_NAME,STUDENT_GENDER)VALUES(2004,1003,null,'JINNI', 'FEMALE');

INSERT INTO STUDENT(STUDENT_ID,SCHOOL_ID,PASSPORT_ID,STUDENT_NAME,STUDENT_GENDER)VALUES(2005,1002,3003,'Amit', 'MALE');

INSERT INTO STUDENT(STUDENT_ID,SCHOOL_ID,PASSPORT_ID,STUDENT_NAME,STUDENT_GENDER) VALUES(2006,1002,3004,'Abhijeet', 'MALE');


